player,pValue,slope,intercept,rValue,stdErr,numDataPoints
Theo Ratliff,0.587493669519,0.180024679355,0.399573969512,0.125597250803,0.32622886219,21
Anthony Parker,0.476142515612,0.10813336964,0.32656141819,0.0613797029437,0.151338153197,137
Trey Thompkins,nan,nan,nan,0.0,nan,1
Shavlik Randolph,0.171519271066,-0.520186335404,0.474292615597,-0.498945205065,0.341501453291,9
George Hill,0.295372080784,0.133556257575,0.394373362244,0.0914079199582,0.127122607004,133
Joakim Noah,0.0661436232417,-0.309847726677,0.704020549925,-0.180873645074,0.166820762568,104
Derrick Williams,0.0379756862881,-0.569799321826,0.69275145785,-0.329332403268,0.265012356462,40
Randy Foye,0.660097371179,-0.0422596219913,0.382802013475,-0.0330001442213,0.0959319262036,180
Donyell Marshall,0.327400191886,-0.13768758486,0.517471771565,-0.118780033661,0.139576209423,70
Mike Miller,0.867591253674,-0.0220981245991,0.498965411454,-0.0132838580464,0.132331832679,160
Draymond Green,0.496595775395,0.210826347305,0.428425548902,0.19837535399,0.300696595862,14
Kyle Lowry,0.315696913239,0.10385650651,0.329315404689,0.0816492832552,0.10316689921,153
Pau Gasol,0.549700267922,-0.0840079778666,0.619068524279,-0.0402691142443,0.140216752723,223
Carlos Boozer,0.0351770320445,-0.315621268218,0.795448516654,-0.152917344897,0.148762191726,190
Jannero Pargo,0.483416712672,-0.0747657672816,0.415300495644,-0.0632557238515,0.106360359786,125
Raymond Felton,0.655200969717,0.0592860758964,0.397371706118,0.0284940631332,0.132603318849,248
Austin Daye,0.224801648988,0.163655286368,0.385726664134,0.152638223168,0.133498813352,65
Thaddeus Young,0.040532666674,0.244151062438,0.397886180994,0.154128914627,0.118313615128,177
NeneÌ‚,0.986591366813,0.00819667031008,0.542360330988,0.00380517593368,0.481664438919,22
Eddie Griffin,0.11893820727,-0.558470453787,0.6492010437,-0.4057352793,0.336228991642,16
Billy Thomas,0.947611067178,0.0472972972973,0.0709459459459,0.0821994936527,0.573449253857,3
Darington Hobson,nan,nan,nan,0.0,nan,1
Nikola Vucevic,0.158131497297,-0.387675869082,0.674372091344,-0.227434479213,0.26926969998,40
Bonzi Wells,0.993693454777,-0.00157064912982,0.498450266531,-0.00106096376249,0.197826455356,58
Mike Taylor,0.117293220266,-0.486402429287,0.627894877518,-0.437952646288,0.288228355122,14
Aaron Brooks,0.386959837127,0.0985044563924,0.31549419104,0.0800250027265,0.113433718011,119
Chauncey Billups,0.637912575614,0.0692844164629,0.379666312774,0.0359249804289,0.146958384013,174
Laron Profit,0.976330946583,0.0294117647059,0.553921568627,0.0236690534166,0.878422619004,4
Gary Payton,0.0075904176899,0.522799209352,0.169598889466,0.39289612545,0.186600935086,45
Jordan Hamilton,0.842006748701,-0.0565937236451,0.3164328939,-0.0682296868731,0.275842000072,11
Carldell Johnson,nan,0.0,0.0,0.0,nan,2
Morris Peterson,0.707060706867,0.0619197887675,0.473730733266,0.0421292235309,0.164178115701,82
Stephen Graham,0.647450120867,-0.103130745971,0.526019423421,-0.0788828507337,0.223517063122,36
P,0.18688032937,0.442368655816,0.306650688909,0.316428878953,0.321643165656,19
Brian Cook,0.866936778193,0.0319291260218,0.428291935361,0.0229035474294,0.189659000816,56
Tyler Zeller,0.272370158477,-0.321298920632,0.727136724625,-0.265275121846,0.283232535667,19
Ronald Dupree,1.20042175488e-30,-1.0,1.0,-1.0,0.0,5
Jared Sullinger,0.258779654002,0.385867938719,0.41681879417,0.394864138773,0.317423011842,10
Paul Millsap,0.643556992912,-0.052170385747,0.568224157854,-0.0325893167449,0.112575105113,204
Walter Herrmann,0.0211849233417,0.480484334495,0.227797465807,0.399716275803,0.197899566916,33
Avery Bradley,0.149451748883,-0.344512277491,0.526087278231,-0.260760246711,0.232868959652,32
Daniel Green,0.675012545992,-0.097486812805,0.408593004163,-0.0863187773308,0.229673539885,26
Joe Johnson,0.293791150066,0.136320731562,0.375412363634,0.0663908572341,0.129575944147,252
Kevinn Pinkney,nan,-2.5,2.5,-1.0,nan,2
  Nene,0.565183754161,0.345015543212,0.372625795581,0.348705571185,0.535385253278,5
Taurean Green,nan,nan,nan,0.0,nan,1
Rajon Rondo,0.0803132560552,-0.243711117195,0.556815653903,-0.144226639756,0.138384942056,148
Zaza Pachulia,0.126128552479,0.198723546372,0.444051402586,0.138663400725,0.129026503403,123
James Jones,0.83954716846,0.0241095360756,0.353420736319,0.0186770272167,0.11881310272,120
Lorenzen Wright,0.749156542858,-0.0905553940459,0.676045323646,-0.0723024603741,0.279323904661,22
DeMarcus Cousins,0.961716651377,0.0113562514821,0.502122117088,0.00541744079831,0.235841869361,81
Rasheed Wallace,0.301288950289,-0.158392258211,0.451957549485,-0.0852454802658,0.152693375628,149
Robert Hite,0.783794300148,0.221041281577,0.153573629082,0.333124219241,0.62564065677,3
Juan Dixon,0.0828553404452,-0.263491897769,0.546041700171,-0.188099350673,0.150112946527,86
Caron Butler,0.49334279766,0.104133605358,0.388173756447,0.0516727883745,0.15170227654,178
Sean Singletary,0.572003380701,0.666666666667,0.111111111111,0.342997170285,1.05409255339,5
Josh Selby,0.698743319507,-0.0967741935484,0.161290322581,-0.203653269991,0.23261621132,6
Marc Gasol,0.136592221121,0.261802120447,0.380548341501,0.127360048232,0.174831368438,138
Joey Graham,0.459677813696,0.10112372906,0.439769048479,0.0843829332871,0.136082215785,79
Eric Williams,0.294797227496,-0.538057742782,0.51312335958,-0.590187759429,0.424907822227,5
Tony Parker,0.538010216311,0.0995760933222,0.453271021983,0.0431491119868,0.161422275843,206
Derek Anderson,0.163195629269,0.335621039095,0.247284300274,0.256772138159,0.234580303707,31
Toney Douglas,0.472817462836,-0.109546243765,0.420740729359,-0.0762004874301,0.1519428242,91
Robert Swift,0.622233334547,-0.196457756579,0.796156185853,-0.151081129513,0.387568681657,13
LeBron James,0.524586982037,-0.0873220565526,0.552946345916,-0.0394078298103,0.137051469333,263
Brook Lopez,0.105982309302,0.296411623591,0.386311857487,0.145277139618,0.182017585897,125
John Edwards,nan,1.0,-0.5,1.0,nan,2
Shannon Brown,0.772935080984,-0.0318487442193,0.423932350436,-0.025253791937,0.11015178428,133
Yaroslav Korolev,nan,-0.666666666667,0.5,-1.0,nan,2
Jeremy Evans,0.968606759272,-0.00799817184644,0.793875685558,-0.0121381524352,0.198659713835,13
DeAndre Liggins,nan,nan,nan,0.0,inf,2
Trenton Hassell,0.641096362985,0.0809686913113,0.463940231526,0.058448784951,0.172865586483,66
Luke Ridnour,0.705629653108,0.0401315486478,0.384070105705,0.0266053354528,0.10609324537,204
David Wesley,0.812425760068,0.0645228098431,0.281811698208,0.0479087926703,0.269047561605,27
Malik Rose,0.902347049228,0.0235103182399,0.255747269921,0.0225858360479,0.189998822665,32
Enes Kanter,0.687707827631,-0.0758022607279,0.586584623724,-0.0673845475094,0.187060611865,38
Pat Burke,0.0693455775376,0.666071428571,0.104017857143,0.629378341216,0.310839612304,9
Ty Lawson,0.470199336202,0.099487201801,0.499432075219,0.0702206282857,0.137270174119,108
Devin Brown,0.348610644276,0.15310737836,0.285585829562,0.097222675887,0.162526724929,95
Wesley Matthews,0.797076962785,0.0472382163646,0.409237260401,0.0246815570273,0.183263242621,111
Delonte West,0.0343584379485,-0.267012058149,0.630224263516,-0.17962291116,0.124935891772,139
Sergei Monia,0.545628948343,0.714285714286,-0.047619047619,0.654653670708,0.824786098842,3
Tyler Honeycutt,nan,nan,nan,0.0,inf,2
Johan Petro,0.859118661073,0.0242325741599,0.523265581398,0.019082609483,0.136120355216,89
Antoine Wright,0.234547526091,-0.193137770287,0.494394636932,-0.143930300349,0.161032994864,70
Zoran Planinic,0.265259769913,0.454054054054,0.200900900901,0.349635985341,0.384749451265,12
Jason Williams,0.952933927293,-0.00980348541061,0.2917183035,-0.00653781253464,0.165589134238,84
Mario Chalmers,0.687527497361,-0.0632387710833,0.472055327689,-0.0395196647466,0.156788459781,106
Justin Harper,nan,nan,nan,0.0,nan,1
Sasha Vujacic,0.10390176487,0.152156473693,0.290521359294,0.136552449319,0.0929595699734,143
Rafael Araujo,0.718329733212,0.163636363636,0.186363636364,0.168290458202,0.428643834891,7
Reggie Evans,0.150700207148,0.247396051905,0.431315401676,0.202134671921,0.169515067364,52
Terrence Ross,0.215336010695,-0.319659276661,0.562112941088,-0.268552663735,0.250203846894,23
Tyronn Lue,0.136690936204,0.292248009476,0.337048614332,0.192743698061,0.193697785726,61
Jamal Crawford,0.830385088533,0.0202776636627,0.392843410809,0.0133483230046,0.0945676639084,260
Kareem Rush,0.415633508227,0.157601885682,0.257580454196,0.124374629247,0.191738828479,45
DaJuan Summers,0.219820858688,0.48158361237,0.264772503447,0.350067063169,0.371998998069,14
Kevin Burleson,0.675071778529,0.355263157895,0.217105263158,0.258092700604,0.76779444531,5
Khris Middleton,0.864889238782,-0.0800388066942,0.500909531894,-0.0665676651053,0.453444238503,9
Pat Garrity,0.802099334195,-0.0628374695433,0.522204356215,-0.0567016055883,0.247405337274,22
Danny Granger,0.63893158863,0.05048026708,0.416276895026,0.0321025945075,0.107436220504,216
Cuttino Mobley,0.569168257503,0.116666903483,0.350189367229,0.0570237056314,0.204260780116,102
Al-Farouq Aminu,0.335382265302,0.166843322064,0.3514627658,0.134934553108,0.171557795675,53
Kelenna Azubuike,0.514093349704,0.121436184721,0.387058958969,0.0811076558495,0.185095718914,67
Al Horford,0.88680673015,-0.0236864808625,0.541246062177,-0.011720146039,0.166114227532,150
Alexander Johnson,0.337106327358,-0.32754252624,0.774901224514,-0.256745434095,0.329528816387,16
Mickael Gelabale,0.410084843898,0.208735860204,0.356461863437,0.156102243814,0.249604231028,30
Jordan Williams,0.928108728765,-0.0301062215478,0.734699038948,-0.0383796835226,0.320006754388,8
Jose Barea,nan,nan,nan,0.0,nan,1
Maurice Williams,0.90123186757,0.0737674685464,0.226192427711,0.0659409968317,0.558127105701,6
Kyle O'Quinn,0.677492276685,-0.154639175258,0.64854732896,-0.141798267112,0.359846041813,11
Rawle Marshall,0.587418073062,-0.520754716981,0.49358490566,-0.282575753744,0.883889266231,6
Juan Carlos Navarro,0.0369005253511,0.448057743038,0.153054667785,0.370408370805,0.205138436359,32
Jawad Williams,0.908742857668,0.0382200306316,0.299108569904,0.0291008701462,0.328201901627,18
James Johnson,0.721660244266,-0.0610572849397,0.475380287813,-0.053362948707,0.17032256171,47
Randolph Morris,0.444444444444,0.555555555556,0.444444444444,0.555555555556,0.587944735792,4
Amir Johnson,0.136987119139,-0.220791024917,0.809488837628,-0.151295295132,0.147228553732,98
Joe Smith,0.0771230025276,0.276671411426,0.378747517445,0.190525349245,0.154622612364,87
James Posey,0.318943637931,-0.108290133392,0.4099080597,-0.0836358913174,0.108274890395,144
Greg Oden,0.646791958854,0.0899131177669,0.746659639731,0.103470386615,0.193265639712,22
Hasheem Thabeet,0.199725379773,0.293807829181,0.635017793594,0.364769422359,0.216495889643,14
Dorell Wright,0.21987675388,-0.175370939943,0.519321068272,-0.10833168296,0.142243914901,130
Toni Kukoc,0.686957881869,0.119909502262,0.369397759104,0.0934694220758,0.293023055494,21
Chris Kaman,0.297628290956,-0.151317406364,0.618585677804,-0.0831117005397,0.144801057341,159
Ben Hansbrough,1.0,0.0,0.0,0.0,0.0,3
Scot Pollard,0.272228401224,-1.5,1.375,-0.612372435696,1.11803398875,5
Ersan Ilyasova,0.955281749214,0.00802547182573,0.401874426494,0.00556587282474,0.142767870794,104
Gerald Fitch,0.111111111111,0.296296296296,0.477777777778,0.888888888889,0.107980590645,4
Yakhouba Diawara,0.677090021974,-0.0821540460764,0.360273501938,-0.0792795466725,0.195217907028,30
Donatas Motiejunas,0.955467372562,0.0131868131868,0.695238095238,0.0296971484682,0.221923614266,6
John Lucas,0.987559173661,-0.0023397413922,0.328748172175,-0.00228658405225,0.149255596242,49
Aron Baynes,nan,0.222222222222,0.277777777778,1.0,nan,2
Marquis Daniels,0.600107399196,0.0645075404914,0.469123251219,0.0451804538336,0.122757857611,137
Brandon Rush,0.670381917819,0.0689028933829,0.362611459529,0.0428652422053,0.161404344472,101
Kevin Ollie,0.771929826105,-0.0513323932038,0.486819693887,-0.0486163571496,0.175769696246,38
Manu Ginobili,0.978183602396,-0.00359024102467,0.466006500164,-0.00194095627041,0.131123489418,201
Reggie Jackson,0.0908083481609,-0.27394679794,0.538210356602,-0.30895352766,0.156599298496,31
Josh Powell,0.474674208265,-0.11032587313,0.536551487404,-0.0975029359974,0.153245787125,56
Kevin Love,0.255360891557,-0.192014158262,0.588995411611,-0.104642106574,0.16799443881,120
Antawn Jamison,0.729301638331,-0.0513157743945,0.47299391979,-0.0227904183496,0.148108431805,233
Kevin Garnett,0.808416782397,0.0341386092451,0.500895501309,0.0163276013969,0.140627223153,223
Jimmy Butler,0.0366856788377,-0.368604171663,0.599985329924,-0.370800604327,0.168554548813,32
Melvin Sanders,nan,0.0,1.0,0.0,nan,2
Terence Morris,0.260146938293,0.526315789474,-0.0789473684211,0.917662935482,0.227901422049,3
Courtney Lee,0.471549987969,-0.094060998186,0.463048971946,-0.063447820531,0.130263307722,131
Ruben Patterson,0.191379457236,-0.397432635496,0.829180595256,-0.17102148544,0.300644265608,60
Luol Deng,0.161067798659,0.198755548057,0.393329376025,0.0937488885029,0.141346086958,225
Jordan Hill,0.0114211530484,0.486318914745,0.292069069957,0.377961072679,0.183813201594,44
Lonny Baxter,0.89023574001,0.25,0.125,0.10976425999,1.60078105936,4
Pooh Jeter,0.308124005071,-0.31870134883,0.524062359273,-0.282232596434,0.300455616356,15
Eric Bledsoe,0.889618541781,-0.0206642695654,0.434206100907,-0.0171470553201,0.148318282055,68
Jarvis Hayes,0.622744002639,0.0637014478481,0.348905585566,0.0457523753947,0.129137280242,118
Rudy Fernandez,0.347130750462,-0.121713142118,0.401705632787,-0.0913413940269,0.128883580395,108
Jerome James,0.821087624978,0.166666666667,0.333333333333,0.277350098113,0.57735026919,3
Josh Smith,0.350894574769,-0.113395177715,0.518676248016,-0.0600984810642,0.12132124288,243
Eric Dawson,nan,nan,nan,0.0,nan,1
Marcus Fizer,nan,nan,nan,0.0,nan,1
Devin Green,nan,nan,nan,0.0,nan,1
Kenny Thomas,0.383386003607,0.284834376076,0.339417637713,0.152001344598,0.322412653116,35
Casey Jacobsen,0.349289789156,0.402247855664,0.177462289264,0.38279648303,0.396317730799,8
John Thomas,nan,nan,nan,0.0,nan,1
Bernard Robinson,0.671332738896,0.171118530885,0.158875904285,0.197425932191,0.379992246026,7
DeQuan Jones,0.593270196596,0.164157940663,0.382507998837,0.192959025864,0.295129321853,10
Charles Jenkins,0.238156313404,-0.332426381707,0.649954864541,-0.324391252511,0.268850256787,15
Sean May,0.946748414205,-0.025474731143,0.527147942731,-0.0134917174418,0.37760074075,27
Stephen Jackson,0.327608148118,-0.138688009112,0.466823342351,-0.0682094451402,0.141334486623,208
JaJuan Johnson,0.75502980846,0.435910335961,0.182274023143,0.24497019154,1.21991747558,4
Allen Iverson,0.846143525955,-0.031904195521,0.45044904319,-0.01711627225,0.164089250396,131
Pops Mensah-Bonsu,0.0468999861743,-1.10914454277,1.00196656834,-0.76106499584,0.42277468906,7
Tony Wroten,0.720719348751,-0.391304347826,0.869565217391,-0.221162934232,0.996212107599,5
David Noel,0.0379064317567,-0.383333333333,0.439351851852,-0.694458850922,0.15011753185,9
Zydrunas Ilgauskas,0.51640622128,-0.101814411754,0.527059704648,-0.0588177034104,0.156447544034,124
Sergio Rodriguez,0.789575762919,-0.0427614085533,0.45299159881,-0.0329640711915,0.159589055407,68
Kobe Bryant,0.327461347291,0.112329694309,0.376553354474,0.0598188030021,0.114501467409,270
Daniel Ewing,0.580934091976,-0.11215234439,0.431981096139,-0.106916052533,0.200718333736,29
Rob Kurz,0.289734125879,0.78,-0.04,0.710265874121,0.546626014749,4
Jon Leuer,0.172064929273,0.475889596551,0.455491911862,0.421753648667,0.323531065936,12
Earl Clark,0.807866371916,0.0492564951926,0.411099946619,0.0407952835033,0.201066913503,38
DeMarcus Nelson,0.512245708355,-1.09375,0.625,-0.693375245282,1.13665834247,3
Jeremy Tyler,0.750320332499,-0.214660631763,0.698222334214,-0.148712410545,0.638357544155,7
Rodney Carney,0.843730355962,-0.0256513622196,0.444469401521,-0.0228349570985,0.129678011951,77
Lamond Murray,0.248759657037,-0.47385620915,0.681917211329,-0.429385144073,0.376700945578,9
Jackie Butler,0.653884375678,-0.154174559801,0.702681044477,-0.144599984588,0.333622986073,12
Maurice Harkless,0.579595354777,0.538508131956,0.131703778037,0.336657125724,0.869606686508,5
Mark Blount,0.266365237534,-0.247133316899,0.605642368774,-0.130877457739,0.220621828797,74
DeAndre Jordan,0.660022233438,-0.0819116948542,0.84511208892,-0.0606521918222,0.185165975529,55
Jermaine Jackson,nan,nan,nan,0.0,nan,1
Junior Harrington,0.729286457509,0.169485909309,0.466007554797,0.146461574745,0.467332047015,8
A,0.253890253897,-0.201175151103,0.405620142928,-0.139227683789,0.174807775835,69
Ivan Johnson,0.0176294141169,0.640053360226,0.14218123754,0.404578157748,0.255754978614,34
Jermaine O'Neal,0.658160930177,0.0666477900256,0.490433571269,0.0369226082534,0.150319700034,146
Greg Ostertag,1.0,0.0,0.5,0.0,1.41421356237,4
Jason Terry,0.31507662503,0.0986931245488,0.409549665122,0.0597182765224,0.0980642305443,285
Goran Dragic,0.466121926436,-0.0889637748853,0.460694346193,-0.0632507303572,0.121717034792,135
Hakim Warrick,0.0528236754985,-0.226495245752,0.654575010599,-0.156349144244,0.116056015284,154
Chris Wilcox,0.490301260402,0.108750068242,0.546101481975,0.0667696957359,0.15710427525,109
Antonio Daniels,0.784020181666,-0.0352345417014,0.493053164702,-0.0280409883398,0.128194349881,98
Stephen Curry,0.40785051995,0.143142847463,0.407418096301,0.0793342544875,0.172275941034,111
Matt Freije,0.878962281676,0.214285714286,0.107142857143,0.188982236505,1.11346123344,3
Marcin Gortat,0.774720589017,-0.0489064850521,0.659096371639,-0.0316946632666,0.170315877849,84
Keith Van Horn,0.648991063764,-0.192628024624,0.412097122685,-0.108460362791,0.416142984775,20
Darius Miles,0.24808090033,0.30661642907,0.319026204676,0.263701222273,0.257309440656,21
Mike Wilks,0.272543705552,0.338331031762,0.569458144276,0.328887242901,0.292914098637,13
Bernard James,0.78877998179,1.0,-2.22044604925e-16,0.166666666667,3.41565025532,5
Kevin Martin,0.447094293662,-0.100502302675,0.473826334944,-0.055186166492,0.13191878756,192
Chris Copeland,0.412622362768,0.238588286494,0.46147283303,0.260973043283,0.279085009174,12
Marcus Williams,0.0105924212941,0.377211518115,0.186278429236,0.305865431575,0.143445918905,69
Kris Humphries,0.000753938745502,0.483344990065,0.31635581085,0.298649772937,0.13983909676,124
Sarunas Jasikevicius,0.456225978153,0.125906749207,0.254676737708,0.110117388333,0.167557937353,48
Tarance Kinsey,nan,-0.6,0.2,-1.0,inf,2
Jason Richardson,0.630295854037,-0.0638378341068,0.468600428505,-0.0345902798203,0.132422942559,196
Isaiah Thomas,0.422648472372,0.167945225689,0.379011299596,0.1211212302,0.207497001942,46
Troy Murphy,0.177207560557,0.189150248225,0.351303807777,0.11428484583,0.139462041543,141
Raef LaFrentz,0.192240970915,-0.416849039282,0.533154710645,-0.258897168339,0.31103972898,27
Wesley Johnson,0.797760937616,-0.0781555750984,0.373026323392,-0.0397598825943,0.303072601012,44
Kawhi Leonard,0.0441442262314,0.611005620571,0.11957319856,0.324080248097,0.293221967141,39
Manny Harris,0.570438506979,-0.202810877308,0.462625821925,-0.131321030582,0.351239010378,21
David West,0.0206158343043,0.351787375295,0.3083306146,0.153246715674,0.150894848255,228
Kyrylo Fesenko,0.918820941498,0.045,0.458522727273,0.0349172138445,0.429325581052,11
Metta World Peace,0.306791301115,-0.181907387307,0.437911007831,-0.140343522614,0.176278906691,55
Pablo Prigioni,0.897566903674,-0.0514652419941,0.49272173574,-0.0440964027081,0.38865740812,11
Loren Woods,nan,1.0,0.666666666667,1.0,nan,2
Chris Hunter,0.681269077523,0.281155015198,0.442502532928,0.173436441431,0.651775104964,8
Carlos Delfino,0.622882980664,0.0555368169438,0.433271208463,0.0398063542211,0.112703788113,155
Renaldo Balkman,0.765427495025,-0.0731897606106,0.541203097242,-0.0531192834825,0.243225748109,34
Gary Neal,0.161011059597,0.227382873889,0.323797551393,0.159231092555,0.160660030665,79
LaMarcus Aldridge,0.518650273121,0.0900096748196,0.460343270227,0.0441505326129,0.139226744213,216
Bobby Simmons,0.118634866152,-0.215954685991,0.517694262966,-0.168544754263,0.136987217102,87
Rodney Stuckey,0.629411739953,-0.0562899289919,0.42231515694,-0.0397171502418,0.116406961583,150
Rashad McCants,0.291302520109,0.136076491758,0.35113450224,0.11245371669,0.128175327169,90
Beno Udrih,0.431707914776,-0.0906679656361,0.526169959408,-0.0579947045484,0.115060177229,186
Omri Casspi,0.367682941956,0.154916220391,0.360761165445,0.102057892137,0.170973723642,80
Chris Paul,0.758457545487,-0.0387919195854,0.492345506801,-0.0204755493787,0.125997065513,228
Ricky Davis,0.632075050742,0.0637770586633,0.344202727079,0.0423847411744,0.132879968758,130
Orien Greene,0.0121194050202,0.732984005049,0.133562509042,0.503568175093,0.268111999707,24
Armon Johnson,0.114790013322,0.856098931984,0.0413059771407,0.648950323538,0.448864825971,7
Victor Claver,0.363050242133,-0.40832657257,0.736770320502,-0.304222722161,0.426192440808,11
Kemba Walker,0.818512957275,0.0547659822194,0.437312014922,0.0297399931693,0.237630535589,62
Jake Tsakalidis,0.26078370981,-1.45833333333,1.79166666667,-0.452061581009,1.17474058077,8
Jason Kapono,0.2363371072,0.144527108382,0.391792581798,0.114908124315,0.12135547171,108
Jonathan Bender,0.468938208337,0.318181818182,-0.0681818181818,0.430820218428,0.384800760582,5
Tiago Splitter,0.740925914178,-0.0570918339324,0.704906983464,-0.0451783519847,0.171792049409,56
Cedric Simmons,0.0467045096861,1.00961538462,0.225961538462,0.883811904073,0.308556764142,5
Tyreke Evans,0.222891256327,0.197144277611,0.348629793017,0.119955998861,0.160766762256,105
Maalik Wayns,0.371191777295,0.172727272727,0.0621212121212,0.628808222705,0.15102952478,4
Fred Jones,0.915231237614,-0.0157281360172,0.437286871143,-0.0118630901504,0.147301223522,83
Arvydas Macijauskas,nan,nan,nan,0.0,nan,1
Sasha Pavlovic,0.77288078373,-0.0429916971029,0.408610599596,-0.0321584380928,0.148464441972,83
Jared Jeffries,0.961746631098,0.00646501767052,0.468735422557,0.0056327242439,0.1343330595,75
Mike Conley,0.522578121086,-0.0875844648341,0.478227292293,-0.0495201355669,0.13669538993,169
Boniface Napos;Dong,0.772392646648,-0.338461538462,0.607692307692,-0.349956619637,0.905995807036,3
Chucky Atkins,0.425588348125,0.121098341912,0.357253744468,0.0940170813261,0.15112532228,74
Thabo Sefolosha,0.290162371979,0.167468232322,0.33348091751,0.10906399421,0.157430425469,96
Marcus Thornton,0.314755999761,0.182503154309,0.310774871944,0.0971818141585,0.180689507319,109
Luke Jackson,0.940353284055,-0.0271485796875,0.329298427564,-0.0242564147257,0.353828411866,12
Hassan Adams,0.896962830336,0.08256,0.716672,0.0688,0.598578283602,6
Alan Anderson,0.254762566492,-0.219079931487,0.528322110181,-0.171386006883,0.189857188503,46
Erick Dampier,0.322333149188,0.177337743529,0.523930204767,0.123715524561,0.177802449395,66
Robert Horry,0.0785655535033,0.401175925872,0.24055577659,0.281405508647,0.221919622889,40
Jeff Teague,0.623263084322,-0.0720900622478,0.393058159343,-0.056865749227,0.14614725867,77
Primoz Brezec,0.569662409597,0.1734677547,0.405224221626,0.0965642894481,0.302227418584,37
Ben Gordon,0.681641330236,-0.0387919064197,0.428153617469,-0.0261239266613,0.0944508664117,249
Kirk Hinrich,0.260142266569,-0.138471064698,0.478102567052,-0.0810267445248,0.122608800081,195
Alonzo Mourning,0.878623904359,0.0358563182398,0.711057931611,0.0263788714279,0.233033775115,36
Mario Kasun,nan,0.4,0.4,1.0,nan,2
Adrian Griffin,0.720097935939,-0.102686735516,0.564218166231,-0.088021950828,0.281844729905,19
Evan Turner,0.648699561709,0.0620750921401,0.354629554235,0.0495285523021,0.135774728379,87
Ike Diogu,0.877265008959,-0.0263750406532,0.543397582999,-0.0242629641224,0.16971861654,43
Trevor Ariza,0.11470550369,-0.169821398318,0.504466025427,-0.127213545467,0.107045998792,155
Jonny Flynn,0.828332494672,-0.0367616901404,0.366273619872,-0.0291000262772,0.168742358445,58
Linton Johnson,0.482377912974,-0.223597299607,0.691480998094,-0.158050110232,0.31236585285,22
Cory Joseph,0.517461160377,-0.27752785242,0.68174773306,-0.297186876307,0.398761434854,7
Shawne Williams,0.416847416555,0.140843697389,0.381120435399,0.104962580495,0.172274768434,62
Monta Ellis,0.105649143091,0.200660339162,0.360096304195,0.112786955267,0.123465525978,207
Vassilis Spanoulis,0.86426279067,-0.179104477612,0.262686567164,-0.211603684758,0.827248146899,3
Kyle Weaver,0.998550250822,-0.000560075420111,0.533556735966,-0.000477024079494,0.303152065924,17
Jamaal Tinsley,0.241621613225,0.18289963473,0.315320074797,0.126865235369,0.155109135152,87
Derrick Brown,0.0843103788195,-0.375451238832,0.745400611701,-0.30504667515,0.210521880035,33
Brian Roberts,0.926082559174,0.0288988519478,0.388643603254,0.0183688072515,0.308488996923,28
Mike Scott,0.726479233962,0.140115163148,0.623498766109,0.184438562067,0.373325816935,6
Shelvin Mack,0.635053939874,0.0956225495173,0.429487016946,0.0956581845198,0.199008685048,27
Jeff Green,0.204310447136,-0.180824696199,0.570450591044,-0.101856711045,0.141852704897,157
Donald Sloan,0.953441199059,0.0198947459184,0.443871550003,0.0172076998617,0.333703409291,14
Al Thornton,0.465713374733,0.113256655265,0.394148488244,0.071267996499,0.154692337966,107
Roy Hibbert,0.245279286043,-0.213672870949,0.533608673851,-0.110692523859,0.182918507415,112
Nathan Jawai,0.666666666667,-1.0,1.0,-0.5,1.73205080757,3
Edwin Ubiles,nan,nan,nan,0.0,nan,1
Javaris Crittenton,0.691628370766,0.0733888024552,0.580695290345,0.0769299724786,0.183047330088,29
Chris Taft,nan,nan,nan,0.0,nan,1
Tony Allen,0.849275959011,0.0222044047504,0.520156803805,0.0162649908797,0.116618532929,139
Smush Parker,0.775544109993,0.0660879962557,0.437685787993,0.0366448207017,0.230756145172,63
Spencer Hawes,0.131076827603,-0.22908003354,0.58859614658,-0.141632485322,0.150620795122,115
Nick Van Exel,0.335238009491,0.334718605749,0.228005725072,0.215598845568,0.33898671351,22
Lavoy Allen,0.969903980893,-0.0108050694699,0.442705706318,-0.00778184168484,0.283417329269,26
Ed Davis,0.425911927356,0.158974383905,0.480627147339,0.104709493045,0.198259099673,60
Moe Harkless,0.826122865798,0.115014142984,0.519946338638,0.0646804012402,0.512244809478,14
Doug Christie,nan,-2.5,2.0,-1.0,nan,2
Jose Calderon,0.766985848564,0.0314991809435,0.43549130233,0.0214104489813,0.10615080879,194
Scott Padgett,0.146938822598,0.371577872727,0.100169356233,0.379661747555,0.241985629896,16
Kevin Durant,0.181684423909,0.19805292174,0.361411637945,0.0957922341824,0.147757083986,196
Stephane Lasme,0.885196365658,-0.0978260869565,0.500905797101,-0.0902893898143,0.622988255692,5
Stacey Augmon,0.106430420366,0.813253012048,-0.0722891566265,0.893569579634,0.288905513453,4
Danilo Gallinari,0.554668548034,-0.117398176696,0.485042292571,-0.0600849260785,0.198027083126,99
Sebastian Telfair,0.715327289915,0.0360182509494,0.361175151562,0.0284299993078,0.0985889440173,167
Von Wafer,0.682541343488,0.0757125920522,0.42459797179,0.0626734174751,0.183863653485,45
Chris Johnson,0.0700308434829,0.70526097763,0.0447735432201,0.594263462669,0.337464379168,10
JaVale McGee,0.347839026501,-0.134229332055,0.662538680656,-0.0973776850763,0.142258296605,95
Lester Hudson,0.961061618965,-0.0302546242996,0.377618917415,-0.019119656641,0.597975320632,9
Luke Schenscher,nan,nan,nan,0.0,nan,1
Damian Lillard,0.934095958238,-0.0229774721637,0.502734372699,-0.014077087468,0.275875022916,37
Terrel Harris,0.865540660737,0.1,0.25,0.105801842379,0.542627353203,5
Austin Rivers,0.42188121572,-0.246936298,0.49898068281,-0.215919971507,0.298442584874,16
Nick Collison,0.609125191308,0.0500276819021,0.669153214225,0.0409869910118,0.0976420624802,158
Chris Quinn,0.407300005517,0.146754626414,0.330799904278,0.119796543063,0.175544809487,50
Corey Brewer,0.482923658417,-0.0778879439103,0.45841793599,-0.0604413845624,0.110706781365,137
Mike Harris,0.477767032133,-0.409090909091,0.515151515152,-0.522232967867,0.472377492973,4
Kevin Seraphin,0.665993558256,0.0795505360019,0.443160651505,0.0606844508605,0.183222773457,53
Jason Kidd,0.663900955752,-0.0470986051622,0.328041183469,-0.030757320514,0.108227849266,202
Kyrie Irving,0.859886518986,-0.0508551520917,0.563055161927,-0.0280794618446,0.286249609653,42
Antonio Davis,0.0781562943273,-1.08259789221,1.57705709308,-0.835397509197,0.411241225019,5
Eddie Gill,nan,3.0,0.0,1.0,nan,2
Darrell Arthur,0.00231220539996,-0.499004004123,0.732385455567,-0.34013535304,0.158251276905,78
Jiri Welsch,0.225369362047,-0.405732926894,0.567514127315,-0.321030557812,0.319897914602,16
Xavier Silas,nan,nan,nan,0.0,nan,1
Michael Finley,0.0225568327715,0.278325546046,0.277495757547,0.192001297719,0.120666079167,141
Vernon Macklin,nan,nan,nan,0.0,nan,1
Alando Tucker,0.493335911125,-0.512422360248,0.763845755694,-0.409702332305,0.658716059515,5
Nene Hilario,0.95432791333,-0.0111548632809,0.638708089417,-0.0055496759347,0.194311297178,109
Jarron Collins,0.555543815966,-0.148013282518,0.430481733843,-0.126598227198,0.247259673772,24
Darius Morris,0.613299126941,-0.263487687198,0.514124736303,-0.171888779907,0.503360432783,11
Ron Artest,0.567807922356,0.0839369777828,0.406885861556,0.0462362559385,0.146608868227,155
Thomas Robinson,0.617687808615,0.117692127627,0.587056047408,0.118865467875,0.231721058318,20
Eddie Basden,nan,0.0,1.0,0.0,nan,2
Thomas Gardner,nan,nan,nan,0.0,nan,1
David Lee,0.802066725588,-0.0292939756328,0.638175951325,-0.0169959893195,0.116718819024,220
Jordan Farmar,0.127293813705,0.13847641781,0.388660433607,0.118115213177,0.0903576946458,168
Calvin Booth,0.956511086141,0.0365853658537,0.40243902439,0.0290007395283,0.630500778279,6
Matt Bonner,0.19936044473,-0.142338601028,0.503842763376,-0.106458794659,0.110403301848,147
Jamario Moon,0.867335879358,-0.0267120559868,0.371067968881,-0.0201805985057,0.15931632363,71
Walker Russell,0.23019964108,1.6,-0.133333333333,0.76980035892,0.938083151965,4
Kenneth Faried,0.570621742782,0.191543948852,0.622097946359,0.100784601256,0.334258381537,34
Earl Barron,0.71135861662,-0.0718524732765,0.432170116153,-0.0778810608891,0.191789504249,25
Bill Walker,0.447330541721,0.150062881686,0.284208758293,0.130713759172,0.195195706236,36
Austin Croshere,0.621016259612,0.101554757505,0.348852510479,0.0865570173912,0.203473569048,35
Ronald Murray,0.695054843866,-0.0576055587638,0.471086099053,-0.0361516516267,0.146592334866,120
Vince Carter,0.721539844785,-0.0409451853394,0.441304004254,-0.0230747557063,0.114749586541,241
Bradley Beal,0.643352035126,0.164769319991,0.173588137622,0.104546935774,0.350480245382,22
Mehmet Okur,0.826667457505,0.030432678,0.451653422842,0.0175590079403,0.138742953579,158
Zarko Cabarkapa,0.146017771285,0.433088580682,0.241346716441,0.494740884627,0.268963887643,10
Ben Wallace,0.884669051413,0.0249622196442,0.504869574694,0.0179211025526,0.171426025403,68
Quinton Ross,0.598012143926,0.0751035968762,0.380700745137,0.0614421228212,0.141826489565,76
Josh Davis,nan,nan,nan,0.0,nan,1
Andres Nocioni,0.247938209085,-0.143403857501,0.511532095833,-0.0945979035937,0.12363295269,151
Nikoloz Tskitishvili,nan,nan,nan,0.0,nan,1
Sonny Weems,0.17359977709,-0.287467182188,0.576617584761,-0.225416051403,0.207075258628,38
Doron Lamb,0.119681263199,-0.642183480995,0.812446413261,-0.556480297723,0.362400334292,9
Sam Cassell,0.773901784438,-0.0535456544084,0.442818509026,-0.0363251403435,0.185592292617,65
Rasual Butler,0.305467933785,0.117209082028,0.332560459613,0.0807571248634,0.114010977118,163
Chris Singleton,0.311725015263,-0.325847119147,0.786956421417,-0.215560572885,0.314703248317,24
Vitaly Potapenko,1.0,0.0,0.0,0.0,0.0,3
Shawn Marion,0.658603272846,-0.0621452400857,0.567159965898,-0.0309656577341,0.140444313948,206
Christian Eyenga,0.175130090204,-0.366513505525,0.451583042072,-0.356631935927,0.256605819472,16
Nick Young,0.646265178022,-0.0477857940832,0.458383176752,-0.0365582318616,0.103918930527,160
Nikola Pekovic,0.00695651160064,0.614476676907,0.25949483165,0.405672526557,0.216218504815,43
Diante Garrett,nan,-2.0,1.0,-1.0,nan,2
Jacque Vaughn,0.487567468908,0.111780476741,0.409452069358,0.0965035706304,0.15987816264,54
Luther Head,0.442960663035,-0.0970583226124,0.47989181121,-0.0712958026883,0.126076234633,118
Lazar Hayward,0.956480222845,-0.0241425241425,0.312437562438,-0.0199026371297,0.42878642119,10
Brian Cardinal,0.409394897628,-0.129744729603,0.407619808782,-0.132361995423,0.15558081493,41
Kosta Koufos,0.991440543884,-0.00200708145043,0.714932856987,-0.00177560884003,0.185830139105,39
Othyus Jeffers,0.100045914853,1.19318181818,-0.0113636363636,0.899954085147,0.408735641191,4
Eddie Jones,0.364290951603,-0.23472770589,0.569941458454,-0.129713996833,0.256327219812,51
Damon Stoudamire,0.360381068748,0.221675763337,0.239012829836,0.157033103675,0.239092356289,36
Bostjan Nachbar,0.608800519103,-0.0839067911707,0.473916190807,-0.0641574172209,0.163141553316,66
Desmon Farmer,nan,nan,nan,0.0,nan,1
Devean George,0.981559663364,0.00298751518446,0.397515145544,0.00269598808274,0.128817455094,76
Jim Jackson,0.722139830425,0.15775862069,0.28345135468,0.150446843282,0.423216852508,8
Michael Olowokandi,0.854426733447,0.112161512578,0.362722320141,0.0717654062676,0.58919415806,9
Lee Nailon,0.449518117437,0.75,0.291666666667,0.550481882563,0.804285397107,4
Jerry Smith,nan,nan,nan,0.0,nan,1
Ryan Bowen,0.0897499985476,0.584133057673,0.0705814587383,0.489226768251,0.313978356664,13
Walter McCarty,0.171294796329,0.71875,-0.015625,0.71875,0.401413518083,5
Mateen Cleaves,0.267532979235,-1.08333333333,0.666666666667,-0.732467020765,0.71200031211,4
Anderson Varejao,0.611103811495,0.061782421089,0.53701221769,0.0457327125364,0.121191590259,126
Norris Cole,0.377957268789,-0.185772836933,0.494053129354,-0.123587961842,0.208871247686,53
Flip Murray,0.481459348126,0.962560192995,0.156929929543,0.361432108492,1.24157426936,6
Tyler Hansbrough,0.781326385666,-0.0474503027781,0.466783319344,-0.0328193388239,0.170297744076,74
Jamaal Magloire,0.136247298065,-0.29399137473,0.793352341267,-0.218201250868,0.193867693523,48
Wes Matthews,0.333333333333,0.6,0.5,0.866025403784,0.346410161514,3
Maurice Taylor,0.665531871943,0.240526249333,0.392899135251,0.121762884372,0.543791359255,15
Malcolm Lee,0.487525477309,-0.190356798457,0.412471873995,-0.317652980032,0.254116947384,7
Patrick Mills,0.87631180065,-0.0402353855532,0.59634897435,-0.0343612296123,0.255372005644,23
Eddie House,0.750121759327,0.0284821039064,0.393086460227,0.0246777911699,0.0892843342371,169
Morris Almond,0.668897987821,0.1875,0.2625,0.224506627533,0.406922520266,6
Michael Sweetney,nan,0.0,0.0,0.0,nan,2
Marvin Williams,0.609598064148,0.0723298445339,0.381942249501,0.0392074082255,0.141380943727,172
Julyan Stone,nan,1.0,0.0,1.0,nan,2
Darius Washington,nan,-0.5,1.0,-1.0,nan,2
Patrick O'Bryant,nan,0.0,1.0,0.0,nan,2
David Harrison,0.0213545229363,0.616922693399,0.156734202635,0.449127349444,0.250515444227,26
Jameer Nelson,0.808889058951,0.0334963601438,0.427342575444,0.0180507239155,0.13829165584,182
Willie Green,0.555816489967,0.0601690013508,0.40436536277,0.0489743263439,0.101905795021,147
Bismack Biyombo,0.478959272151,-0.161387291002,0.678322204191,-0.136867855779,0.224791365308,29
Will Solomon,0.718199661244,-0.106399425015,0.534684458668,-0.106061245898,0.287962147757,14
Donte Greene,0.253117372577,-0.213899366958,0.439027099434,-0.148581776089,0.185340520992,61
Nazr Mohammed,0.365269423655,-0.164623826154,0.577818143782,-0.10391275795,0.180742192774,78
Deron Williams,0.577518727689,0.0682548790706,0.447187178167,0.0356842694292,0.122372911874,246
Esteban Batista,0.0315040030418,0.255813953488,0.761627906977,0.968495996958,0.046511627907,4
Anthony Goldwire,nan,nan,nan,0.0,nan,1
Brandon Roy,0.0158558560714,0.407575057686,0.269688145295,0.207278054819,0.166798656224,135
Mo Williams,0.279494960705,-0.135446641626,0.468986564499,-0.076838899554,0.124901779383,200
Baron Davis,0.216568397596,-0.148733845018,0.435645153432,-0.0949795486662,0.119913630553,171
Pape Sow,0.360082993148,-0.533293697979,0.745719381688,-0.45880432306,0.51639809892,6
Steve Blake,0.786962300526,-0.0295875587984,0.415730426938,-0.0195788679506,0.109325536588,193
Allan Ray,0.459367030491,-0.312389770723,0.600614834411,-0.225244484296,0.407417813118,13
Patrick Beverley,0.614775347885,-0.150292397661,0.39537037037,-0.147518016691,0.29088658034,14
Udonis Haslem,0.415805401828,0.110355387951,0.471286635591,0.0664771191351,0.13524274484,152
Samardo Samuels,0.856540145912,0.053301714907,0.35974801294,0.0389679226561,0.291402047259,24
Byron Mullens,0.86330524873,0.039253453265,0.287566342666,0.0281081438882,0.226455187645,40
Daniel Gibson,0.82011882052,-0.0241772379022,0.39416321448,-0.0193200665012,0.106123019469,141
Amare Stoudemire,0.680722621191,-0.0636178279351,0.628175596919,-0.0317853984022,0.154339482505,170
Vladimir Radmanovic,0.146629509554,0.185592984613,0.29113037407,0.128521281963,0.127077281699,129
Joe Alexander,0.177282787267,-0.317282288166,0.518346814722,-0.417155743409,0.218591189214,12
Martell Webster,0.509637382674,0.0899449923527,0.345129795151,0.0551963519265,0.136061738812,145
Chris Webber,0.237675970818,0.310960135002,0.269304388134,0.168337420347,0.260125981824,51
Derrick Caracter,nan,-0.333333333333,0.333333333333,-1.0,nan,2
Kevin Willis,nan,nan,nan,0.0,nan,1
Kendall Marshall,0.579836549291,0.210213103605,0.40599353888,0.214277552802,0.362182656722,9
John Salmons,0.122413752788,-0.160060718338,0.531788276959,-0.105669947017,0.10320604495,215
Linas Kleiza,0.496281412616,0.0779285676533,0.408091593412,0.0573504084371,0.114244482006,143
Darrell Armstrong,0.454814666244,-0.141524552833,0.458294148044,-0.123233934015,0.187360307558,39
Michael Bradley,0.0377495513506,2.22222222222,0.037037037037,0.962250448649,0.444444444444,4
Taj Gibson,0.473239267504,-0.110731134701,0.58083033463,-0.0736785895639,0.153774612621,97
Anthony Davis,0.946013290895,0.0345823002544,0.57767769842,0.0153307844322,0.504340052767,22
Shaquille O'Neal,0.158103369936,-0.312466586196,0.778997605813,-0.140100037719,0.219735430282,103
Greg Stiemsma,0.328834924715,0.260848359622,0.292309419377,0.252178152098,0.258444418861,17
Fabricio Oberto,0.700697260004,-0.0739315139936,0.649411296624,-0.0644423962629,0.190810828321,38
Dominic McGuire,0.695039106234,0.0636939252858,0.421386661227,0.0551223247646,0.161556561261,53
Malcolm Thomas,nan,nan,nan,0.0,nan,1
Dijon Thompson,nan,nan,nan,0.0,nan,1
Josh Harrellson,0.0107608433277,-0.965073529412,0.818321078431,-0.759864737507,0.291908494527,10
Michael Ruffin,0.0518816054648,0.676100628931,0.00366876310273,0.750611211464,0.266161114469,7
Marcus Vinicius,nan,0.0,0.0,0.0,nan,2
Paul Pierce,0.796058323091,-0.0322820170879,0.468683145347,-0.0172097043063,0.124758088545,228
Daniel Orton,0.333333333333,-2.25,2.5,-0.866025403784,1.29903810568,3
Mike James,0.839378076198,-0.0276072547436,0.397046441987,-0.0202162299112,0.135854366751,103
Jason Hart,0.886526150157,0.0230299077732,0.303508511702,0.0232988072539,0.160305640952,40
Mark Madsen,0.78877998179,0.333333333333,0.333333333333,0.166666666667,1.13855008511,5
Tim Thomas,0.00636689112202,0.448455770309,0.1451080832,0.288740135294,0.160346713745,88
James Lang,nan,nan,nan,0.0,nan,1
Jared Reiner,nan,-1.66666666667,1.0,-1.0,nan,2
Speedy Claxton,0.652634857307,-0.103595301796,0.357064586886,-0.0715220529593,0.22843173886,42
Ryan Gomes,0.977004633604,0.00470359136189,0.411445903151,0.00243175729906,0.162891534894,143
Dee Brown,0.166717065402,-0.35,0.277083333333,-0.540419263288,0.222465145002,8
Chris Richard,0.3125,0.5,0.5,0.5,0.433012701892,6
Richard Hamilton,0.112295330063,0.259303383032,0.251027285524,0.123710493956,0.162416722221,166
Jason Collins,0.657669813256,0.127309147563,0.430959269976,0.0912097123278,0.283725815706,26
Mickael Pietrus,0.396015622502,-0.107318886853,0.478072041366,-0.071513474182,0.126056529789,143
Bobby Jackson,0.498560125913,0.0803534472669,0.36962187937,0.0640246191284,0.118346808179,114
Bo Outlaw,0.846180800285,-0.126461211477,0.67215727949,-0.102909415309,0.611167572136,6
Jeff Foster,0.601917411002,0.0956670178333,0.488998743726,0.060788889083,0.182607353152,76
John Wall,0.177470209234,-0.322514214552,0.561572874488,-0.153272508049,0.236961087401,79
Marcus Camby,0.383452794424,-0.169194631798,0.541822906151,-0.0823974792262,0.193367876408,114
Eric Snow,0.674136921575,0.105499108784,0.368753708372,0.0704798504186,0.24885777831,38
Anthony Grundy,nan,0.571428571429,0.714285714286,1.0,nan,2
Festus Ezeli,0.243613069538,1.08361774744,-0.57337883959,0.564087997737,0.793102391715,6
Darrick Martin,0.296166352572,-0.484838709677,0.361403225806,-0.329145252808,0.439855636851,12
Ish Smith,0.0906181029947,-1.51817988518,0.999716493019,-0.817999833235,0.616371008336,5
Adam Morrison,0.145390713557,0.288752187399,0.207134535883,0.215679436137,0.194879709075,47
Kwame Brown,0.00720258078498,0.503590269208,0.404624481846,0.361691005719,0.18000837657,54
Mike Sweetney,0.327524906256,-0.42741458978,0.643049011289,-0.244817019968,0.423181428018,18
Louis Williams,0.0377469908944,0.319005577432,0.329411325153,0.248879040643,0.150546486681,70
Brian Grant,0.842865159736,0.166666666667,0.361111111111,0.157134840264,0.74068286811,4
Cedric Bozeman,0.333333333333,-1.5,0.75,-0.866025403784,0.866025403784,3
Tracy McGrady,0.0938247753848,-0.268976989188,0.525090389583,-0.151134588511,0.159277274433,124
Lance Stephenson,0.692795892618,0.119829347306,0.502915984023,0.0796792794306,0.299822882318,27
Lamar Odom,0.122740351238,0.158829997794,0.395054430226,0.100530212793,0.102540698582,237
E'Twaun Moore,0.15140819617,-0.32179009352,0.597048096361,-0.263908630064,0.218395548178,31
Solomon Jones,0.285233733963,-0.22291586148,0.708912459651,-0.213375571895,0.204130362741,27
Al Harrington,0.323122812395,-0.108411407958,0.474098277617,-0.0673868764183,0.109469244145,217
Lance Thomas,0.213733016752,0.410423452769,0.27654723127,0.387161184457,0.309084307438,12
Bobby Jones,0.123524384739,0.533147766507,0.380224642918,0.519842986395,0.309757201527,10
Kendrick Perkins,0.729924264486,0.0653642975567,0.556191815237,0.0402512088613,0.18862259348,76
Brandon Knight,0.432339579937,0.254176805721,0.30337579855,0.111252670761,0.321096841064,52
Gordan Giricek,0.809753387479,-0.056317543249,0.439436508518,-0.0382895502357,0.232388616092,42
Darnell Jackson,0.703119356611,0.139870582379,0.289426746308,0.148429056389,0.352225618089,9
Carmelo Anthony,0.289294065956,-0.159513748872,0.52224678287,-0.070634928908,0.150176240293,227
Perry Jones,nan,0.2,0.3,1.0,nan,2
Josh Howard,0.355524631312,-0.177388591586,0.524245004924,-0.0820082773448,0.191293762839,129
Gerald Wallace,0.045657640573,0.277213383329,0.314122320251,0.143300566744,0.137810427526,195
Jae Crowder,0.563258097401,-0.121775590476,0.243818180009,-0.114076833142,0.207984856434,28
Danny Fortson,nan,6.0,-2.0,1.0,nan,2
Marquis Teague,0.946948367502,0.030303030303,0.388888888889,0.031265269974,0.433237963652,7
Jeremy Richardson,0.268694159506,0.416095890411,0.0958904109589,0.912245460839,0.186847946707,3
Chuck Hayes,0.787210916081,-0.0366631001311,0.561790264328,-0.0314775837987,0.135330807073,76
Arnett Moultrie,0.0506727492567,-0.65625,1.06770833333,-0.810092587301,0.2374794399,6
Tyson Chandler,0.206586246838,-0.185181862664,0.867107133901,-0.113284133323,0.145852463437,126
Jeremy Lamb,nan,nan,nan,0.0,nan,1
Maurice Ager,0.374485131186,-0.421440261866,0.515889252591,-0.399578384569,0.432390164693,7
Orlando Johnson,0.434519369505,-0.334411418667,0.417630084391,-0.298960650967,0.40344769922,9
Mirza Teletovic,0.0103239791933,-0.765500217802,0.836019553749,-0.795709110435,0.220234047723,9
Kyle Korver,0.24216730389,-0.0898641983226,0.468177690096,-0.0757835399997,0.0766430245015,240
Yao Ming,0.504062673365,-0.133342861981,0.649496078355,-0.0669032340952,0.198860495934,102
Daequan Cook,0.794744573251,0.0277084637272,0.331411356423,0.0260761342981,0.106223727102,102
Roko Ukic,0.817780993859,0.0606686618682,0.35759582496,0.0521311328115,0.259873096555,22
Darryl Watkins,nan,-0.5,0.5,-1.0,nan,2
Othella Harrington,0.264202078241,0.419605447863,0.240062079632,0.390765849603,0.349460948419,10
Brandon Bass,0.339980559003,-0.121117007999,0.562112160364,-0.081835238243,0.126484177413,138
Melvin Ely,0.978622502803,-0.00545849978495,0.513992966015,-0.00449708256781,0.202295766447,38
Eric Maynor,0.129257866741,0.199422950165,0.294035661728,0.183080493066,0.129859996573,70
Jumaine Jones,0.774045300617,0.0821954155958,0.347826858801,0.0528163116972,0.283734604548,32
Wilson Chandler,0.107175631576,0.312079875573,0.341944190259,0.147803338076,0.192240184255,120
Derek Fisher,0.631818417463,0.058514734953,0.34459646163,0.0376918085177,0.121885500312,164
Mouhamed Sene,nan,nan,nan,0.0,nan,1
Cole Aldrich,0.466420466147,-0.5,0.875,-0.433012701892,0.600925212577,5
Shandon Anderson,0.372544012737,-0.565789473684,0.754385964912,-0.401064264906,0.577929727634,7
Josh McRoberts,0.684358751072,0.0729389104839,0.555791285804,0.0577308440193,0.178378059366,52
Donell Taylor,0.803333740926,-0.0235294117647,0.0529411764706,-0.0766964988847,0.0922269995179,13
Nolan Smith,0.357649743129,0.283120652088,0.342625587311,0.266181310455,0.295968643302,14
DJ Mbenga,0.559210881908,0.363970588235,0.34375,0.353715831856,0.55568244538,5
Timofey Mozgov,0.0302633176458,-0.782202643447,0.97507059153,-0.680699872573,0.297620776895,10
James Thomas,nan,nan,nan,0.0,nan,1
Justin Holiday,nan,-0.166666666667,0.416666666667,-1.0,nan,2
Damien Wilkins,0.473639402189,-0.0844590717033,0.44745558573,-0.061727888349,0.117535488207,137
Garrett Temple,0.299841968611,-0.22206001996,0.344831520038,-0.211415607399,0.209555169788,26
Ekpe Udoh,0.0785172554573,-0.325023037438,0.513792587142,-0.277918033931,0.179891176076,41
Luke Babbitt,0.0980235621645,-0.409320758597,0.464665800518,-0.338381725364,0.237348612385,25
W Russell,nan,nan,nan,0.0,nan,1
Clifford Robinson,0.108523783329,-0.33716435039,0.577757259196,-0.248206283422,0.205508352153,43
Kyle Singler,0.650837871125,-0.229950927452,0.499032496998,-0.102206973198,0.50044843067,22
Boris Diaw,0.460183874091,0.0834329890963,0.457669245639,0.0505125707392,0.112765611982,216
Hassan Whiteside,nan,nan,nan,0.0,nan,1
Larry Sanders,0.765680688547,0.050775770581,0.450851221219,0.0462366743328,0.169270223645,44
C,0.979476322579,-0.00266084189122,0.412830569124,-0.00217808089231,0.103247612116,142
Anthony Morrow,0.173193248182,-0.173490457638,0.515008279731,-0.131405847406,0.126528008561,109
Tony Battie,0.0581742787004,0.362526489698,0.214974734476,0.252429386033,0.187379133086,57
Greivis Vasquez,0.978783920193,-0.00405351769846,0.421368797317,-0.00306053261042,0.151923946025,78
Richie Frahm,0.855306161063,-0.0756020339634,0.426108925773,-0.0664382401119,0.401429928567,10
Mike Bibby,0.243558560691,0.151194851261,0.274466728039,0.0893909030764,0.1292043338,172
Amar'e Stoudemire,0.596213563378,0.211146793599,0.657108464839,0.155217604115,0.387933441293,14
Grant Hill,0.91951659638,-0.0142496608549,0.419247803545,-0.00823622019837,0.140790507574,153
Damion James,0.589620501544,0.271493683171,0.190085437499,0.226496088547,0.476636984858,8
Jonas Jerebko,0.576556903627,0.114002811997,0.434121994835,0.0741872433159,0.202978705215,59
Slava Medvedenko,nan,nan,nan,0.0,nan,1
Greg Smith,0.423463903094,-0.56678223543,1.11662264047,-0.255169095896,0.679153772959,12
Ricky Rubio,0.637601734577,-0.12187446381,0.381038803062,-0.0789324809308,0.25653615536,38
Andrew Goudelock,0.943190079407,0.0303719244038,0.333371371389,0.02598779356,0.413058159206,10
Brevin Knight,0.175599786623,0.235894957456,0.325216426218,0.167449983724,0.172266637989,67
Rudy Gay,0.0622256231168,-0.276973974055,0.59352591314,-0.124244892133,0.147794479001,226
Awvee Storey,0.939904151111,-0.0646258503401,0.581292517007,-0.0400853694753,0.805454816963,6
Ramon Sessions,0.440648067226,0.0945852686325,0.419179125077,0.0625859148782,0.122341236986,154
Desmond Mason,0.187525515885,0.33090857476,0.297923177207,0.165551321666,0.248353686104,65
Rodrigue Beaubois,0.120186881114,0.379075129284,0.322147038825,0.224949707648,0.23950522984,49
Josh Childress,0.900450380147,-0.0163050515707,0.595831545985,-0.0124159113811,0.130019954542,104
Jarrett Jack,0.23273130209,-0.103173119763,0.464943036948,-0.0760523913086,0.0862435285284,248
Sean Marks,0.735389312366,-0.110700671521,0.485389006251,-0.0993652980135,0.320014932129,14
Derrick Byars,nan,nan,nan,0.0,nan,1
Quincy Acy,0.129611720222,1.66666666667,0.0,0.870388279778,0.666666666667,4
Marko Jaric,0.781494251874,0.0370412636664,0.311910223352,0.0309070169478,0.133100187375,83
Brandon Jennings,0.740147024654,0.0569510479873,0.376605952742,0.0309871867259,0.171301846614,117
Sherron Collins,nan,nan,nan,0.0,nan,1
Mustafa Shakur,nan,nan,nan,0.0,inf,2
Josh Boone,0.790556421212,-0.0470823691318,0.581857026049,-0.0385201846041,0.176289678649,50
Shaun Livingston,0.767457462562,-0.0355638237076,0.475017710347,-0.0281245333093,0.119974736734,113
Drew Gooden,0.942792830107,0.0126268234845,0.474902097712,0.00651011147949,0.175596787061,124
Cory Higgins,0.5306239507,-0.203802165015,0.313580435808,-0.262088545763,0.306360073805,8
Emeka Okafor,0.931142964239,0.0133244057634,0.618312326596,0.00697409380886,0.153953349661,156
Joey Dorsey,0.742066901626,-0.161787365177,0.86260914227,-0.153745778455,0.465009565759,7
Brian Skinner,0.5681297002,0.142560774346,0.454766385192,0.104796486156,0.246998734765,32
Juwan Howard,0.463195025069,0.105114985107,0.509905378359,0.0792111777295,0.142646846024,88
Moochie Norris,0.894289715505,0.0867052023121,0.523121387283,0.0705907756307,0.61260769015,6
Patrick Patterson,0.51030861103,0.121596625477,0.47012417783,0.0824757734614,0.183663561396,66
Gordon Hayward,0.322116262609,0.196003665585,0.346318535949,0.12377056041,0.196428542719,66
Keith McLeod,0.18450740137,0.407666464724,0.241853463311,0.327581506471,0.293951744354,18
Quincy Pondexter,0.459770519248,-0.154500100584,0.503438930961,-0.115762068267,0.207033644701,43
Darius Songaila,0.809081172345,-0.0290688743314,0.47698351951,-0.0230860931335,0.120023328127,112
Jerry Stackhouse,0.183082807003,0.25874234447,0.323047369171,0.139261463369,0.192869336163,93
Eric Piatkowski,0.112870330958,-1.24285714286,0.978571428571,-0.984324138288,0.222692246687,3
DeMarre Carroll,0.635610253292,0.0762184774944,0.363070332928,0.0793986214284,0.159486084845,38
Mike Dunleavy,0.508806773855,-0.0705406315267,0.481167582071,-0.0451939846728,0.106587885517,216
Gabe Pruitt,0.51136462037,-0.440366972477,0.464831804281,-0.394238046547,0.592672858489,5
Etan Thomas,0.420802916448,-0.211942789165,0.769155739027,-0.15839369308,0.259105522409,28
Cedric Jackson,nan,nan,nan,0.0,nan,1
Hedo Turkoglu,0.0983092826187,0.190627517116,0.321401614007,0.112513380163,0.114814230061,217
Jonas Valanciunas,0.639449803869,0.0872689582255,0.881565078356,0.169619353762,0.179266969198,10
Carlos Arroyo,0.133010389021,0.175853314088,0.304369149766,0.153623582202,0.11604988293,97
John Jenkins,0.155867079862,0.545059425177,0.232429036865,0.417406397414,0.357781977596,13
Rashard Lewis,0.334676217841,-0.140747146227,0.486557022023,-0.0685667127449,0.145535979053,200
Michael Kidd-Gilchrist,0.591040345079,0.261833873564,0.317715307374,0.124415956787,0.479054987185,21
Kirk Snyder,0.903664604677,-0.0260557208691,0.450479582161,-0.0215611484861,0.213577373729,34
Sundiata Gaines,0.456853032542,-0.170469853376,0.463203564419,-0.15941094693,0.225075730767,24
Antonio Burks,0.822762795325,-0.112256586483,0.395761741123,-0.0950983132994,0.479723116608,8
Robert Sacre,nan,-1.66666666667,1.66666666667,-1.0,nan,2
Trevor Booker,0.922916022552,0.017357354285,0.479494687653,0.0157993505863,0.178196136022,40
Damon Jones,0.364922464943,0.107180892066,0.336936566369,0.104679289623,0.117579982227,77
Troy Hudson,0.357416084298,-0.252516357206,0.429788456438,-0.192174860329,0.268879496011,25
Bernard Robinson Jr,0.487605022098,-0.223346209623,0.605907775561,-0.169596963296,0.314773841643,19
Marcus Banks,0.346066033297,0.14508283121,0.359602660038,0.139003989886,0.152395811956,48
Jeff Adrien,0.288034344361,-0.433333333333,0.780555555556,-0.33441378858,0.386176053691,12
Jason Maxiell,0.342276919781,-0.117661246455,0.635554541264,-0.0889636564956,0.123379480888,116
Chris Mihm,0.104684472101,-0.723340496838,0.864359268712,-0.435498843329,0.414684630745,15
Hilton Armstrong,0.923854773363,0.0207842805116,0.474554642726,0.0167635311182,0.215800024587,35
Solomon Alabi,nan,0.666666666667,0.0,1.0,nan,2
Luke Harangody,0.811613395267,-0.067078733366,0.28275155178,-0.0701638908756,0.275301714549,14
Kasib Powell,0.692909413891,-0.339147286822,0.284237726098,-0.243620145295,0.779521993268,5
Luc Richard Mbah a Moute,0.98058650086,-0.00405303087339,0.521737583476,-0.0029839304027,0.16594030642,69
Blake Griffin,0.844661404677,0.0518063955668,0.587939277349,0.020943812634,0.263627691173,90
Howard Eisley,0.358209947306,-0.408366533865,0.428666287232,-0.412136876129,0.403738507251,7
Acie Law IV,nan,nan,nan,0.0,nan,1
Brandan Wright,0.357692983531,0.150599351992,0.583506198167,0.130169614181,0.162224925772,52
Stromile Swift,0.342784901232,-0.198952145396,0.545301465192,-0.131615479326,0.207799960941,54
Steve Novak,0.675891044524,-0.0487811860627,0.423616053907,-0.0465712493713,0.116257365996,83
Patty Mills,0.460423344085,0.287923177083,0.445093677662,0.283095562844,0.36868432984,9
Courtney Fortson,nan,nan,nan,0.0,nan,1
Dwayne Jones,0.333333333333,1.0,-0.166666666667,0.866025403784,0.57735026919,3
Omer Asik,0.613227626699,0.142389377873,0.431934472849,0.088485953315,0.279022602839,35
Yi Jianlian,0.51121759563,-0.116589080855,0.436901001006,-0.0798316612307,0.17653870113,70
Ronnie Brewer,0.838035629432,-0.0281490920297,0.570880476399,-0.0202868641327,0.137359909999,104
Semih Erden,0.162439090864,-0.750700280112,1.04481792717,-0.545003713602,0.471476641287,8
Marc Jackson,0.50896149592,0.224585246892,0.456101290854,0.141696411249,0.334508235634,24
Qyntel Woods,0.0682124712899,0.582445263283,0.235546993598,0.466971694445,0.294772216087,16
Keyon Dooling,0.870322146864,0.0140936972395,0.405995448189,0.0123932158971,0.0862050967469,176
Aaron Gray,0.155408051612,0.313636279966,0.417735982027,0.265983067845,0.214812858973,30
Ray Allen,0.793208260093,-0.0286296593972,0.466194492066,-0.0170449981445,0.109089249171,239
Donta Smith,nan,nan,nan,0.0,nan,1
Dante Cunningham,0.989784658766,0.00179605873191,0.552118902751,0.00139281140958,0.139867990162,87
Antonio McDyess,0.849553231492,-0.0247253005767,0.509938705827,-0.0162944997521,0.130098842049,138
Tristan Thompson,0.100560129771,0.396580075679,0.361000084915,0.253784025378,0.236057779932,43
Michael Redd,0.567122222639,0.0972963627478,0.324865122052,0.0518844322605,0.169548625608,124
Ronny Turiaf,0.782065978823,0.0410564990229,0.54368640336,0.031827850042,0.147893037836,78
Eddy Curry,0.335237601355,-0.256575236889,0.746498992323,-0.115200958673,0.264428653847,72
Dexter Pittman,0.333333333333,-1.0,1.16666666667,-0.866025403784,0.57735026919,3
Salim Stoudamire,0.956284879098,-0.0113769538266,0.371640203322,-0.00787081910915,0.20648788289,51
DerMarr Johnson,0.0745804455747,-0.450833832404,0.568933792479,-0.397222384055,0.238955654164,21
Viacheslav Kravtsov,nan,nan,nan,0.0,nan,2
Justin Dentmon,nan,-1.0,0.666666666667,-1.0,nan,2
Michael Beasley,0.286452516162,0.156994844777,0.363191791126,0.0927531570777,0.146687630429,134
Charlie Villanueva,0.177035657864,0.163493760815,0.343685092324,0.0980862975072,0.120659818888,191
Marreese Speights,0.61942101236,0.0644995636655,0.488148558001,0.0495126876582,0.129463277352,103
Gilbert Arenas,0.0145812071333,0.308756176914,0.274104619888,0.212193804955,0.124711643935,132
Noel Felix,nan,nan,nan,0.0,nan,1
Shane Battier,0.640880431375,-0.056027057975,0.438419592033,-0.034239062127,0.119912586801,188
Quincy Douby,0.192240623716,0.249394977037,0.313413383117,0.24926417511,0.186473305131,29
Chase Budinger,0.581000014524,-0.0785224425022,0.429613218351,-0.0586179594849,0.141749221894,91
Dominique Jones,0.659098721124,-0.2527036205,0.421725615172,-0.150318072775,0.55400817383,11
Alexey Shved,0.659623253828,0.122824826621,0.3171931234,0.0796176202122,0.276194642716,33
Kelvin Cato,0.949556672769,-0.030534351145,0.104325699746,-0.0504433272305,0.427480916031,4
Tobias Harris,0.484599587137,0.184473771201,0.388516273044,0.170752665306,0.258176847691,19
Will Conroy,nan,nan,nan,0.0,nan,1
DeSagana Diop,0.905240061278,-0.0197457705246,0.581567076661,-0.019701553539,0.164735973992,39
Lou Williams,0.216412735559,0.153778304759,0.320539914574,0.111336650654,0.123764420911,125
Eric Gordon,0.0647921990875,0.447273734557,0.191985701594,0.179183028835,0.23966005043,107
Adonal Foyle,0.975991203082,0.00656236396766,0.688729941952,0.00620738476277,0.215793152717,26
Dan Dickau,0.790312538396,-0.0598758326088,0.412568892554,-0.0548044041365,0.222677992006,26
Ira Newble,0.552969155033,-0.201876019576,0.682995566152,-0.18146511087,0.329855933376,13
Ian Mahinmi,0.57695863803,0.112700372907,0.453252794778,0.0947525293166,0.200143807614,37
Anfernee Hardaway,0.477767032133,1.09090909091,-0.333333333333,0.522232967867,1.2596733146,4
Lawrence Roberts,0.46585047665,0.252173913043,0.556126482213,0.246027090002,0.331159780662,11
Rasho Nesterovic,0.291539322156,-0.346776691666,0.779690607133,-0.150583586401,0.325232272844,51
Danny Green,0.859106503589,0.0659990247902,0.407674264189,0.0351382833781,0.368130691269,28
Jackson Vroman,0.292893218813,1.0,0.0,0.707106781187,0.707106781187,4
Calbert Cheaney,0.264771138872,0.717665615142,0.0268138801262,0.619808181797,0.524610989576,5
Russell Westbrook,0.608673259172,-0.079152217857,0.517902597692,-0.0407775250448,0.154295161507,160
T,0.13612140275,-0.213401836181,0.512363716965,-0.126588671959,0.142349473506,140
James Singleton,0.0433592275667,0.37126996086,0.261935737864,0.306021396328,0.178222101764,44
Lindsey Hunter,0.327112538152,0.183975736748,0.28790139438,0.188628278382,0.18433373824,29
Dirk Nowitzki,0.102571620471,0.212952139049,0.350180731216,0.101865865196,0.129977539634,258
Luc Mbah a Moute,0.94691572544,-0.0504400812458,0.527180658993,-0.041704383998,0.697678654517,5
Bracey Wright,0.283511064228,-0.519230769231,0.519230769231,-0.526234811584,0.419510756892,6
DeMar DeRozan,0.437734971627,0.140957183688,0.409143104208,0.076167617116,0.180940891521,106
Will Blalock,nan,nan,nan,0.0,inf,2
Glen Davis,0.249220115218,0.121631326746,0.359340899,0.10467759389,0.10505253257,123
Viktor Khryapa,0.784512581895,0.132254175994,0.355880833477,0.0716954899385,0.475064807471,17
Jerryd Bayless,0.119556931486,0.209072870138,0.313331348382,0.152116186658,0.133205419079,106
Tim Duncan,0.517436440501,0.101745255022,0.470922748448,0.0449136185921,0.156915545721,210
Wayne Ellington,0.221977929312,0.174707525921,0.343532469371,0.129274585051,0.142050852823,91
Brad Miller,0.247023937993,0.159477146531,0.342367795026,0.098838960457,0.137176030723,139
Matt Barnes,0.826402816195,0.0226672323097,0.429660961258,0.0164143555805,0.103202360019,181
Earl Watson,0.245916865363,-0.120198689719,0.518492025218,-0.0911144079499,0.103215500637,164
Terrence Williams,0.314848289052,-0.161798817836,0.446157911666,-0.149813647899,0.159180000744,47
Jodie Meeks,0.0407708275209,-0.32218031153,0.571681174285,-0.22785893649,0.15489662241,81
Jeremy Pargo,0.713462253209,0.115462035434,0.409947886132,0.0961806967109,0.308522997612,17
Malik Hairston,0.567075455269,0.202594987158,0.443173766717,0.264129824378,0.330843563696,7
Dahntay Jones,0.477682963784,0.0749233869517,0.425681527126,0.0640858868737,0.105198315774,125
Elliot Williams,0.333333333333,-4.5,3.0,-0.866025403784,2.59807621135,3
Reggie Williams,0.783964636636,-0.0480258510194,0.52411552738,-0.0361421288571,0.174366683734,60
Ervin Johnson,nan,nan,nan,0.0,nan,1
Landry Fields,0.529922645514,0.158686226792,0.43111389403,0.0873572717917,0.250942967856,54
Marshon Brooks,0.640766396741,-0.0986921044246,0.506127168281,-0.0817098102757,0.209554308321,35
Dale Davis,0.857866189096,0.166666666667,0.263888888889,0.142133810904,0.82073815015,4
Sean Williams,0.520141001418,0.172591075439,0.518679822008,0.141306116868,0.263856612552,23
Acie Law,0.86858486427,0.0340666849043,0.385704877013,0.0299506644648,0.204196214759,33
Tyshawn Taylor,0.00548572387675,-0.828296703297,1.07857142857,-0.999962874274,0.00713757200922,3
Robert Whaley,nan,1.0,0.0,1.0,nan,2
Joel Freeland,0.42264973081,0.444444444444,0.166666666667,0.57735026919,0.444444444444,4
Iman Shumpert,0.540235054766,-0.196906461686,0.446899952925,-0.116383206651,0.317562536101,30
Andrew Nicholson,0.892734343589,0.0428670343821,0.476244148884,0.0353904124299,0.31255038818,17
Xavier Henry,0.886324657457,-0.0309005351658,0.340288840029,-0.0254653829571,0.214437106114,34
Harrison Barnes,0.0854027364853,0.615154546896,0.386301642995,0.375106464364,0.339927163128,22
Justin Williams,0.0565436469503,-1.58241758242,1.53846153846,-0.94345635305,0.393154809231,4
Ryan Anderson,0.544670269585,0.101099506116,0.357686544923,0.05537138256,0.166420280441,122
Mardy Collins,0.474771024259,0.164352137728,0.317824233786,0.123010663469,0.227395692818,36
Vin Baker,nan,nan,nan,0.0,nan,1
Leon Powe,0.757314858815,0.0537800153756,0.58406839891,0.0457850589642,0.173006552089,48
Cartier Martin,0.134639767757,0.33535267887,0.363764378745,0.240685978374,0.219381922583,40
DeShawn Stevenson,0.362043809745,-0.124611182566,0.437801486506,-0.0842959408686,0.136178614061,119
D,0.338044367172,-0.218436801965,0.545132349826,-0.166858478465,0.224692741541,35
Samuel Dalembert,0.247588019122,-0.163383323284,0.67672012715,-0.0987216653804,0.140704594455,139
Dwyane Wade,0.0123359179449,0.285814113316,0.322488143438,0.165489890622,0.113299511707,228
Willie Warren,nan,nan,nan,0.0,nan,1
Serge Ibaka,0.861129915365,-0.0344412885718,0.645580631088,-0.0191422178401,0.196276322223,86
Steven Hunter,0.21856651571,-0.316595235905,0.958888362611,-0.28022357881,0.248808159294,21
Ime Udoka,0.356370022341,-0.134423381716,0.459680160391,-0.109512540285,0.144797745826,73
Rafer Alston,0.215962269376,-0.20350013793,0.459042101463,-0.110113388246,0.163640318344,128
Dontell Jefferson,nan,nan,nan,0.0,nan,1
Richard Jefferson,0.824014361976,-0.0281791507329,0.469067093428,-0.0155500389543,0.126551406106,207
Larry Owens,1.0,0.0,0.5,0.0,1.73205080757,3
Malik Allen,0.842261178744,-0.0347904682226,0.483577930466,-0.0312612992762,0.173719674201,43
Emanuel Ginobili,nan,nan,nan,0.0,nan,1
Nate Robinson,0.222739858517,0.106739995057,0.361556965145,0.083495324022,0.0872883100594,215
Jeff McInnis,0.344682104802,-0.255541702609,0.524578402433,-0.16461147726,0.266550490939,35
Andre Barrett,0.497054888194,0.244343891403,0.384615384615,0.349531036821,0.327484291814,6
Jon Brockman,0.345545964965,-0.382513661202,0.684881602914,-0.334015695016,0.381634430579,10
Nick Fazekas,0.913112009037,0.01875,0.8475,0.0682947955885,0.158138586373,5
Maurice Evans,0.280457324371,0.120759439886,0.363462323148,0.0911893582181,0.11145503069,142
Zeljko Rebraca,0.00665342439741,-1.26794258373,1.0538277512,-0.856213377852,0.312331037122,8
Jeff Pendergraph,0.881615397702,0.0743439985015,0.607104909156,0.0633074012585,0.478457940639,8
Ben Uzoh,0.478664202645,-0.32914641973,0.619250634149,-0.254106776622,0.442928354371,10
Antoine Walker,0.973399153725,0.00508843102208,0.363191628531,0.0037164837606,0.152126944846,83
Brian Scalabrine,0.68694094643,-0.0861812163723,0.49431249384,-0.0657369733204,0.212212379151,40
Cheikh Samb,nan,nan,nan,0.0,inf,2
Jason Thompson,0.235268304214,-0.20316369805,0.615558861253,-0.111062076457,0.170267897786,116
Dion Waiters,0.949104961351,0.0236115720596,0.423344068601,0.0137635891264,0.365713274118,24
Andris Biedrins,0.434531506271,-0.149033284833,0.7877070402,-0.0897533001365,0.189701036813,78
Andre Miller,0.189542683139,0.140135934032,0.393351319401,0.0839256121468,0.106518536638,246
Jalen Rose,0.694328086731,-0.136088521315,0.548322484733,-0.082696566726,0.341963683897,25
Steve Nash,0.581119886842,-0.0755359631914,0.573985560241,-0.0380152929673,0.136691075951,213
Royal Ivey,0.0324918389458,-0.252703857121,0.530283960381,-0.243977870188,0.115985683092,77
Keith Bogans,0.211624768319,0.177136795239,0.361650275774,0.118944685258,0.140985125639,112
Tyrus Thomas,0.796819538544,0.0359358162127,0.496539565579,0.0247135584303,0.139234325885,111
Kent Bazemore,0.720376502397,-0.111111111111,0.12962962963,-0.279623497603,0.269767546074,4
Mikki Moore,0.427606900777,-0.167125352637,0.769474085157,-0.112392944478,0.208957407358,52
Louis Amundson,0.989058976807,-0.00223312357706,0.619711914955,-0.00198962956555,0.162001506305,50
Darius Miller,0.37498289003,0.265789473684,0.152521929825,0.364288156445,0.277396071227,8
Tayshaun Prince,0.782153889895,-0.0447477069739,0.421386246754,-0.0189224559598,0.161625034338,216
Voshon Lenard,0.904581962805,0.0772503121759,0.327887765828,0.050977869911,0.617842656002,8
DeJuan Blair,0.936070709771,0.0139083735427,0.580544073311,0.0103116611781,0.172687023393,63
Klay Thompson,0.529918428473,-0.174807442917,0.430163359168,-0.0834177275775,0.276597233954,59
Lynn Greer,0.717931848502,0.154329060947,0.380591158776,0.152797961087,0.40749719657,8
Jeffery Taylor,0.278422797324,-0.288241413817,0.497920985447,-0.262069800284,0.257433031166,19
Luke Walton,0.0684339972419,-0.237477683575,0.611083830764,-0.177677438566,0.128975770241,106
Michael Doleac,0.203529704632,-0.393650674803,0.577410478633,-0.324691682738,0.296075629194,17
Gerald Henderson,0.0702247481852,-0.373223950769,0.628646781881,-0.213134836922,0.203044199241,73
Will Bynum,0.468881717037,-0.0882862935132,0.458572355531,-0.073631101468,0.121413127091,99
Anthony Tolliver,0.609935741153,0.0738665619489,0.289961112722,0.0607029269293,0.144147610427,73
Bruce Bowen,0.542518850181,0.0808719259337,0.382256061936,0.0677985843749,0.132231279361,83
Francisco Garcia,0.049336239169,0.186646451019,0.323761149129,0.155186197168,0.0942268297084,161
Andre Drummond,0.519902723825,0.205880232181,0.447931763829,0.16231510148,0.312894560859,18
Nicolas Batum,0.958712040603,-0.00926158629738,0.443721623612,-0.00513852876104,0.178459949785,104
Andrea Bargnani,0.190583648218,0.182176992279,0.327413136719,0.101783444227,0.138615904027,167
James Anderson,0.577357981458,0.164575095503,0.339970790608,0.136507875948,0.289665892605,19
O,0.256062829263,0.155196151006,0.313593770954,0.0863125664957,0.136194663748,175
Damir Markota,nan,0.0,0.0,0.0,nan,2
Arron Afflalo,0.604421280162,0.0681568458247,0.46122208639,0.0455001249154,0.131242713554,132
Anthony Carter,0.151733608893,-0.181888615688,0.495220196744,-0.156836028201,0.125722370002,85
Andray Blatche,0.68194760132,0.0501635693575,0.460892472567,0.0331759647208,0.122174345562,155
Marcus Morris,0.191347994538,0.40794257457,0.212462920937,0.282611740504,0.302150921625,23
Andre Brown,0.817621596559,0.0673076923077,0.6875,0.0839623932698,0.282422086531,10
David Andersen,0.176679248452,0.207830003465,0.178583310878,0.279093069287,0.149102851214,25
Dikembe Mutombo,0.654055189181,-0.176470588235,0.5,-0.152667731306,0.380787573512,11
Bobby Brown,0.663399063537,-0.0870463053341,0.477629386917,-0.0762276458221,0.198205370285,35
Marcus Landry,nan,nan,nan,0.0,nan,1
Derrick Rose,0.737407155705,-0.071115791883,0.533945822033,-0.0306641646778,0.211611863195,122
Brendan Haywood,0.320211533748,-0.149265939518,0.70506757208,-0.10781888417,0.149285393885,87
Marco Belinelli,0.313426127237,0.160076042488,0.388981837947,0.0969958329891,0.158055185994,110
Othello Hunter,nan,nan,nan,0.0,nan,1
Kevin Jones,0.239442598636,0.333333333333,0.7,0.645497224368,0.227710017021,5
Corey Maggette,0.521785963369,-0.0880631678305,0.544063879184,-0.0515026502624,0.137158309489,157
Luis Scola,0.102696142524,0.332679815759,0.347009395704,0.141061884209,0.202454058887,135
Anthony Johnson,0.417066245455,0.120258137793,0.371506691906,0.085149501516,0.147513416148,93
Jorge Garbajosa,0.695642366763,0.220864993633,0.205509309613,0.090749266235,0.556046689284,21
Jake Voskuhl,0.853848653465,0.0332558518606,0.636161396388,0.0323022217916,0.179123272599,35
James White,0.332383212294,-0.666666666667,0.946666666667,-0.554188873152,0.578119557031,5
Jerome Dyson,0.666666666667,-1.0,0.5,-0.5,1.73205080757,3
Gustavo Ayon,0.501048078861,-0.19104973523,0.78392690271,-0.147764188675,0.279044729469,23
Anthony Randolph,0.127964052553,-0.304138799333,0.660045897684,-0.215977632441,0.196422860163,51
Roger Mason Jr,0.00713753011147,-0.651737491317,0.784270979904,-0.610397173814,0.211435422679,18
Kenyon Martin,0.85930128581,0.0352431302479,0.474780362476,0.0176807240261,0.19831056416,103
Al Jefferson,0.805624038515,0.0319222959968,0.509753295967,0.0164957737426,0.129571623815,225
Corliss Williamson,0.920186951375,-0.0269830373327,0.578802961371,-0.0202389138344,0.266590496678,27
Shelden Williams,0.632794134975,0.0647151073424,0.547039115764,0.0634997818638,0.134715838519,59
Channing Frye,0.489812458717,-0.0972724390935,0.518996587221,-0.0546417889344,0.14052564695,162
Francisco Elson,0.0644980494737,0.391361130157,0.245623232716,0.271880316452,0.206499105538,47
Devin Harris,0.757744146074,-0.0387339936615,0.493258293257,-0.0224628952022,0.125396682787,191
Dan Gadzuric,0.703260832429,0.0718891948357,0.503766730876,0.0535633572783,0.18766653836,53
Jon Barry,0.128829506867,-0.925499231951,1.10650281618,-0.768666713402,0.44465115615,5
Darren Collison,0.862547781944,0.0262147349453,0.398193000238,0.0168545614474,0.151047446031,108
Rick Brunson,0.559774546837,0.348837209302,-0.0348837209302,0.440225453163,0.503100177972,4
Alec Burks,0.943012472388,-0.0129076240938,0.543266939724,-0.0112318610226,0.179463140645,43
Raja Bell,0.688605347638,0.0710536396087,0.423697540939,0.035619429486,0.176897554929,129
Charlie Bell,0.125169552214,-0.179742706647,0.451358595258,-0.136241180432,0.11643649316,128
Maceo Baston,0.38354359871,-0.3,0.925,-0.358248860416,0.31917863337,8
Oleksiy Pecherov,0.506798177394,-0.155384865291,0.413412271135,-0.167372884669,0.22881985116,18
Milt Palacio,0.370459339804,0.422811029509,0.331625047845,0.249185822477,0.455754597152,15
Eduardo Najera,0.593035967328,-0.0725365957338,0.432667535109,-0.0598855606307,0.135179210528,82
Jimmer Fredette,0.624461358246,0.0839930915505,0.364781871636,0.0758783888042,0.170312677372,44
Andre Iguodala,0.968576980049,0.00459866470184,0.439375583744,0.00251416216871,0.116619058824,248
Shareef Abdur-Rahim,0.180005092528,0.295260560385,0.282803357233,0.192700480388,0.21701265875,50
Wally Szczerbiak,0.724661512828,-0.0591571428961,0.452040914323,-0.036611167488,0.167440643236,95
Chris Duhon,0.857233576137,0.0177276568189,0.293144789469,0.0148620732767,0.0983705956618,149
Alonzo Gee,0.736281974307,-0.0846939518441,0.506220594204,-0.0451824887277,0.250232943925,58
Nando de Colo,0.441890568659,-0.184210807861,0.666948756629,-0.223759998937,0.23162645956,14
Chris Bosh,0.976783497286,0.00370842533198,0.571859817882,0.00190446809375,0.127293761972,236
Aaron McKie,nan,nan,nan,0.0,nan,1
Elton Brand,0.952514691855,-0.00986762451609,0.52645300235,-0.00448229468556,0.165470741804,179
Evan Fournier,0.750986499263,-0.139050535988,0.60066360388,-0.167577654144,0.409016960736,6
Kim English,0.272623841461,-0.401891252955,0.581717888101,-0.482655782746,0.326133946142,7
J,0.931466223935,0.00764107527026,0.398641938376,0.00568921755608,0.0887517993247,231
Roger Mason,0.281631457814,0.135038283731,0.324542203888,0.100802304012,0.124829227487,116
Aaron Williams,0.646001236972,0.195422535211,0.306866197183,0.156432482731,0.411288451742,11
Tarence Kinsey,0.918189476701,0.0433568199356,0.582634529081,0.0290343442821,0.413990706096,15
Perry Jones III,nan,3.0,0.0,1.0,nan,2
Alex Acker,0.275458676635,1.03846153846,0.0461538461538,0.907841299003,0.479644839019,3
Nenad Krstic,0.475999388041,0.189117439824,0.364465279209,0.0835608654435,0.263964600924,75
Mickell Gladness,nan,0.5,0.0,1.0,nan,2
Craig Brackins,nan,nan,nan,0.0,nan,1
Jared Dudley,0.993756145429,0.000766738589667,0.412261428464,0.000640022578343,0.0978151911964,152
Craig Smith,0.121744995093,-0.163698171179,0.646175059016,-0.141440884626,0.105028508173,121
John Henson,0.968297835572,-0.0202452970424,0.504769053505,-0.0117137231859,0.498894569142,14
Julian Wright,0.185097158288,0.29766052182,0.241757958914,0.225975959343,0.2200582948,36
Jan Vesely,0.26486799271,0.471814125312,0.237942268977,0.307512642205,0.404916207715,15
Greg Buckner,0.0484215457274,0.439313422457,0.29074420274,0.277787089013,0.217033236902,51
Chris Wright,nan,0.714285714286,0.0238095238095,1.0,nan,2
Trey Johnson,0.454371051657,0.857142857143,0.142857142857,0.755928946018,0.742307488958,3
Blake Ahearn,9.00316316157e-11,1.0,0.0,1.0,0.0,3
Kurt Thomas,0.970929748478,-0.00568224784873,0.516409709532,-0.00370968282256,0.155522968931,99
Coby Karl,nan,0.333333333333,0.0,1.0,nan,2
Jason Smith,0.493462209382,-0.0969553091965,0.482475003946,-0.0781754524168,0.140904441913,79
Anthony Roberson,0.116222462386,-0.47867281106,0.564972569673,-0.599502466255,0.260894269963,8
Markieff Morris,0.907662789372,0.0293099159959,0.36584149983,0.0168275133423,0.251369461178,50
Ryan Hollins,0.451116605228,-0.140626765539,0.774712406223,-0.113877386315,0.1849565698,46
Dwight Howard,0.183463723035,0.173701524325,0.566574676125,0.0876348864482,0.130193284468,232
Gary Forbes,0.958801949831,0.0138996399103,0.457051256006,0.0111387977987,0.266027752215,24
Jeff Foote,nan,nan,nan,0.0,nan,1
Brent Barry,0.00333430292872,-0.424106499868,0.697652652824,-0.361517603469,0.138910709267,64
Quentin Richardson,0.968278734043,0.00548969281686,0.394967443377,0.00392788453531,0.137710599301,105
Shammond Williams,0.0829513894619,-1.43848580442,1.07255520505,-0.75458639725,0.625465424928,6
Will Barton,0.0536040893279,0.727541991443,0.132314511812,0.545923294544,0.336657797576,13
Justin Reed,0.780464068048,-0.0806612008574,0.461433633143,-0.066537725534,0.28509984152,20
Jermareo Davidson,1.0,1.11022302463e-17,0.180555555556,1.83812057621e-17,0.301999509443,6
Paul George,0.231113261665,-0.223614849075,0.547156648568,-0.137162292854,0.185240050273,78
Greg Monroe,0.127584342382,0.345776644425,0.396115657429,0.186607885649,0.224077004116,68
Wayne Simien,0.877740931255,0.0660377358491,0.463836477987,0.0722046083139,0.407950243257,7
Matt Carroll,0.929462766158,0.0099598479324,0.421477072919,0.0084591777673,0.112256804208,112
Meyers Leonard,0.0136612323479,-0.58356659372,0.823740959393,-0.620093112406,0.204771923848,15
Steve Francis,0.931718591219,-0.0197823018853,0.425116199008,-0.0134626258434,0.229464634582,43
Ha Seung-Jin,nan,nan,nan,0.0,nan,2
Chandler Parsons,0.416211316188,-0.200157392402,0.554124806814,-0.114029883696,0.244188845879,53
Darko Milicic,0.89239922857,0.0235099878887,0.454178528116,0.014628106456,0.173288042977,88
Chris Andersen,0.493054241054,-0.111559486581,0.713529180239,-0.083285134898,0.161872504335,70
Joel Przybilla,0.871393142912,-0.02967563578,0.765275433424,-0.0275551483332,0.181969380786,37
Joel Anthony,0.793835976439,0.0553129548763,0.48301795245,0.0497990594798,0.209646453929,30
Travis Outlaw,0.348420777303,-0.0948938744168,0.478479275875,-0.0680353799795,0.100952969053,192
Jose Juan Barea,0.534522659151,-0.0745619889259,0.457884142737,-0.0543307200374,0.119727646788,133
James Harden,0.327754794289,0.129373974747,0.385160279021,0.0882484334941,0.131670851747,125
Gerald Green,0.773130381523,0.0508665547804,0.371602681746,0.0329507341624,0.175827163411,79
Chris Douglas-Roberts,0.186645850361,0.260755231507,0.311622955038,0.207806495839,0.194069923484,42
Mario West,1.0,nan,nan,0.0,inf,3
Jordan Crawford,0.977824874077,0.00518010015856,0.439243394561,0.00335837863495,0.185687001876,71
Stephon Marbury,0.549361520089,0.107531548667,0.349093970249,0.0733194214216,0.178693598435,69
Travis Diener,0.993774722002,0.00146209964706,0.286718508559,0.00122596727573,0.186254099159,43
Tony Delk,0.759042522617,0.119703789005,0.305477202104,0.129966782426,0.372821251855,8
Devin Ebanks,0.357124167317,0.557692307692,0.233974358974,0.461306453157,0.536310952592,6
Carl Landry,0.649533954743,0.0567553162916,0.581402077231,0.0374022989464,0.124644582314,150
Leandro Barbosa,0.465784432099,0.0851354475479,0.399976807248,0.0506000549618,0.116512112897,210
Andrew Bogut,0.093008497546,0.259467609284,0.427240980071,0.140507368059,0.15342990141,144
Derrick Favors,0.511551680795,0.0971993687628,0.453385970312,0.0764537014767,0.147358801936,76
Earl Boykins,0.346364419362,0.106052237006,0.3187999397,0.0906345907343,0.112130259439,110
Sam Young,0.233523605363,0.189879052822,0.324701627341,0.160324415824,0.157630961177,57
Ishmael Smith,0.292853870414,0.21833585763,0.062284908915,0.3312813546,0.196645817653,12
Jrue Holiday,0.22775827207,-0.217183640495,0.517715850904,-0.111877433192,0.179110287443,118
Terrence Jones,0.140545472374,0.98200408998,0.171370143149,0.754467768477,0.493218014667,5
Hamed Haddadi,0.848696110917,-0.049214349244,0.549016701255,-0.0539004336503,0.252869252494,15
Charles Smith,nan,-2.1,1.4,-1.0,nan,2
Andre Owens,0.562612995462,-0.423383459189,0.616664272466,-0.242626845299,0.691106105724,8
Larry Hughes,0.0905187678088,-0.28373366707,0.522781977578,-0.169315873241,0.165989064552,101
Jeremy Lin,0.260211559729,-0.31803894581,0.696408500923,-0.167575961827,0.27891842659,47
Andrew Bynum,0.731168314399,0.0606966161035,0.628595912179,0.0337614369233,0.176189179971,106
Ronnie Price,0.751855216995,-0.0452677780431,0.387346227077,-0.0359052651128,0.14266045816,80
Paul Davis,0.284093974569,-0.416726489591,0.617067480258,-0.354957250366,0.365856560411,11
Alan Henderson,0.199424044625,-0.456140350877,0.912280701754,-0.551446794579,0.308592451825,7
Alexis Ajinca,0.984864691649,0.0135135135135,0.563963963964,0.00891578689527,0.677807447916,7
Zabian Dowdell,0.658475875609,0.225595370576,0.402233103346,0.205484900504,0.480504248289,7
Andrei Kirilenko,0.904848075401,0.0149802591047,0.532367860483,0.00940619406567,0.125120557235,164
Jermaine Taylor,0.0675933665783,-0.53079069375,0.702852253301,-0.543825051412,0.25901734541,12
Mike Conley Jr,0.412753578189,0.341318043403,0.37052767921,0.312617357454,0.391981428973,9
Lou Amundson,9.00316316157e-11,2.0,0.0,1.0,0.0,3
Robin Lopez,0.138262304159,0.283023234863,0.396067124026,0.206330583603,0.187943100773,53
Matt Harpring,0.523885375834,-0.0889070565325,0.564265436708,-0.0635133816412,0.139005689481,103
Zach Randolph,0.668601440369,0.0668558530881,0.496798116076,0.0296390240426,0.155959398367,211
Peja Stojakovic,0.423401417854,-0.14867284334,0.468665030293,-0.0763897187726,0.185024629538,112
